{"cameraMode":{"drawMode":0,"name":"Shaded","section":"Shading Mode"},"sceneLighting":true,"audioPlay":false,"sceneViewState":{"showFog":true,"showMaterialUpdate":true,"showSkybox":true,"showFlares":true,"showImageEffects":true,"showParticleSystems":true},"in2DMode":false,"pivot":{"x":-1.1107540130615235,"y":-1.2412567138671876,"z":3.5397496223449709},"rotation":{"x":-0.315570592880249,"y":0.4236464500427246,"z":-0.16033746302127839,"w":-0.8338050246238709},"size":11.273710250854493,"orthographic":false}